frame0000.jpg,red
frame0001.jpg,red
frame0002.jpg,red
frame0003.jpg,red
frame0004.jpg,red
frame0005.jpg,red
frame0006.jpg,red
frame0007.jpg,green
frame0008.jpg,green
frame0009.jpg,green
frame0010.jpg,green
frame0011.jpg,green
frame0012.jpg,green
frame0013.jpg,green
frame0014.jpg,green
frame0015.jpg,green
frame0016.jpg,green
frame0017.jpg,green
frame0018.jpg,green
frame0019.jpg,green
frame0020.jpg,green
frame0021.jpg,green
frame0022.jpg,green
frame0023.jpg,red
frame0024.jpg,red
frame0025.jpg,red
frame0026.jpg,red
frame0027.jpg,red
frame0028.jpg,red
frame0029.jpg,red
frame0046.jpg,red
frame0047.jpg,red
frame0048.jpg,red
frame0049.jpg,red
frame0050.jpg,red
frame0051.jpg,red
frame0089.jpg,red
frame0090.jpg,red
frame0091.jpg,red
frame0092.jpg,red
frame0093.jpg,red
frame0094.jpg,red
frame0095.jpg,red
frame0096.jpg,red
frame0097.jpg,red
frame0098.jpg,red
frame0099.jpg,red
frame0100.jpg,red
frame0101.jpg,red
frame0102.jpg,red
frame0103.jpg,red
frame0104.jpg,red
frame0105.jpg,red
frame0106.jpg,red
frame0107.jpg,red
frame0108.jpg,red
frame0109.jpg,red
frame0110.jpg,red
frame0111.jpg,red
frame0112.jpg,red
frame0113.jpg,red
frame0114.jpg,red
frame0115.jpg,red
frame0116.jpg,green
frame0117.jpg,green
frame0118.jpg,green
frame0119.jpg,green
frame0120.jpg,green
frame0121.jpg,green
frame0122.jpg,green
frame0123.jpg,green
frame0124.jpg,green
frame0125.jpg,green
frame0126.jpg,green
frame0127.jpg,green
frame0128.jpg,green
frame0129.jpg,green
frame0130.jpg,green
frame0131.jpg,green
frame0132.jpg,green
frame0133.jpg,green
frame0134.jpg,green
frame0135.jpg,green
frame0136.jpg,green
frame0137.jpg,yellow
frame0138.jpg,yellow
frame0139.jpg,yellow
frame0140.jpg,yellow