frame0000.jpg,yellow
frame0001.jpg,yellow
frame0002.jpg,yellow
frame0003.jpg,yellow
frame0004.jpg,yellow
frame0005.jpg,yellow
frame0006.jpg,yellow
frame0007.jpg,yellow
frame0008.jpg,yellow
frame0009.jpg,red
frame0010.jpg,red
frame0011.jpg,red
frame0012.jpg,red
frame0013.jpg,red
frame0014.jpg,red
frame0015.jpg,red
frame0016.jpg,red
frame0017.jpg,red
frame0018.jpg,red
frame0019.jpg,red
frame0020.jpg,red
frame0021.jpg,red
frame0022.jpg,red
frame0023.jpg,red
frame0024.jpg,red
frame0025.jpg,red
frame0026.jpg,red
frame0027.jpg,red
frame0028.jpg,red
frame0029.jpg,red
frame0030.jpg,red
frame0031.jpg,red
frame0032.jpg,red
frame0033.jpg,red
frame0034.jpg,red
frame0035.jpg,red
frame0036.jpg,red
frame0037.jpg,red
frame0038.jpg,red
frame0039.jpg,red
frame0040.jpg,red
frame0041.jpg,red
frame0042.jpg,red
frame0043.jpg,red
frame0044.jpg,red
frame0045.jpg,red
frame0046.jpg,red
frame0047.jpg,red
frame0048.jpg,red
frame0049.jpg,red
frame0050.jpg,red
frame0051.jpg,red
frame0052.jpg,red
frame0053.jpg,red
frame0054.jpg,red
frame0055.jpg,red
frame0056.jpg,red
frame0057.jpg,red
frame0058.jpg,red
frame0059.jpg,green
frame0060.jpg,green
frame0061.jpg,green
frame0062.jpg,green
frame0063.jpg,green
frame0064.jpg,green
frame0065.jpg,green
frame0066.jpg,green
frame0067.jpg,green
frame0068.jpg,green
frame0069.jpg,green
frame0070.jpg,green
frame0071.jpg,green
frame0072.jpg,green
frame0073.jpg,green
frame0074.jpg,green
frame0075.jpg,green
frame0076.jpg,green
frame0077.jpg,green
frame0078.jpg,green
frame0079.jpg,green
frame0080.jpg,green
frame0081.jpg,green
frame0082.jpg,green
frame0083.jpg,green
frame0084.jpg,green
frame0085.jpg,green
frame0086.jpg,green
frame0087.jpg,green
frame0088.jpg,green
frame0089.jpg,green
frame0090.jpg,green
frame0091.jpg,green
frame0092.jpg,green
frame0093.jpg,green
frame0094.jpg,green
frame0095.jpg,green
frame0096.jpg,green
frame0097.jpg,yellow
frame0098.jpg,yellow
frame0099.jpg,yellow
frame0100.jpg,yellow
frame0101.jpg,yellow
frame0102.jpg,yellow
frame0103.jpg,yellow
frame0104.jpg,yellow
frame0105.jpg,yellow
frame0106.jpg,yellow
frame0107.jpg,yellow
frame0108.jpg,red
frame0109.jpg,red
frame0110.jpg,red
frame0111.jpg,red
frame0112.jpg,red
frame0113.jpg,red
frame0114.jpg,red
frame0115.jpg,red
frame0116.jpg,red
frame0117.jpg,red
frame0118.jpg,red
frame0119.jpg,red
frame0120.jpg,red
frame0121.jpg,red
frame0122.jpg,red
frame0123.jpg,red
frame0124.jpg,red
frame0125.jpg,red
frame0126.jpg,red
frame0127.jpg,red
frame0128.jpg,red
frame0129.jpg,red
frame0130.jpg,red
frame0131.jpg,red
frame0132.jpg,red
frame0133.jpg,red
frame0134.jpg,red
frame0135.jpg,red
frame0136.jpg,red
frame0137.jpg,red
frame0138.jpg,red
frame0139.jpg,red
frame0140.jpg,red
frame0141.jpg,red
frame0142.jpg,red
frame0143.jpg,red
frame0144.jpg,red
frame0145.jpg,red
frame0146.jpg,red
frame0147.jpg,red
frame0148.jpg,red
frame0149.jpg,red
frame0150.jpg,red
frame0151.jpg,red
frame0152.jpg,red
frame0153.jpg,red
frame0154.jpg,red
frame0155.jpg,red
frame0156.jpg,red
frame0157.jpg,red
frame0158.jpg,red
frame0159.jpg,green
frame0160.jpg,green
frame0161.jpg,green
frame0162.jpg,green
frame0163.jpg,green
frame0164.jpg,green
frame0165.jpg,green
frame0166.jpg,green
frame0167.jpg,green
frame0168.jpg,green
frame0169.jpg,green
frame0170.jpg,green
frame0171.jpg,green
frame0172.jpg,green
frame0173.jpg,green
frame0174.jpg,green
frame0175.jpg,green
frame0176.jpg,green
frame0177.jpg,green
frame0178.jpg,green
frame0179.jpg,green
frame0180.jpg,green
frame0181.jpg,green
frame0182.jpg,green
frame0183.jpg,green
frame0184.jpg,green
frame0185.jpg,green
frame0186.jpg,green
frame0187.jpg,green
frame0188.jpg,green
frame0189.jpg,green
frame0190.jpg,green
frame0191.jpg,green
frame0192.jpg,green
frame0193.jpg,green
frame0194.jpg,green
frame0195.jpg,green
frame0196.jpg,green
frame0197.jpg,yellow
frame0198.jpg,yellow
frame0199.jpg,yellow
frame0200.jpg,yellow
frame0201.jpg,yellow
frame0202.jpg,yellow
frame0203.jpg,yellow
frame0204.jpg,yellow