images/images/frame0000_sign_only.jpg,red
images/images/frame0001_sign_only.jpg,red
images/images/frame0002_sign_only.jpg,red
images/images/frame0003_sign_only.jpg,red
images/images/frame0004_sign_only.jpg,red
images/images/frame0005_sign_only.jpg,red
images/images/frame0006_sign_only.jpg,red
images/images/frame0007_sign_only.jpg,green
images/images/frame0008_sign_only.jpg,green
images/images/frame0009_sign_only.jpg,green
images/images/frame0010_sign_only.jpg,green
images/images/frame0011_sign_only.jpg,green
images/images/frame0012_sign_only.jpg,green
images/images/frame0013_sign_only.jpg,green
images/images/frame0014_sign_only.jpg,green
images/images/frame0015_sign_only.jpg,green
images/images/frame0016_sign_only.jpg,green
images/images/frame0017_sign_only.jpg,green
images/images/frame0018_sign_only.jpg,green
images/images/frame0019_sign_only.jpg,green
images/images/frame0020_sign_only.jpg,green
images/images/frame0021_sign_only.jpg,green
images/images/frame0022_sign_only.jpg,green
images/images/frame0026_sign_only.jpg,red
images/images/frame0027_sign_only.jpg,red
images/images/frame0029_sign_only.jpg,red
images/images/frame0046_sign_only.jpg,red
images/images/frame0047_sign_only.jpg,red
images/images/frame0048_sign_only.jpg,red
images/images/frame0050_sign_only.jpg,red
images/images/frame0051_sign_only.jpg,red
images/images/frame0089_sign_only.jpg,red
images/images/frame0090_sign_only.jpg,red
images/images/frame0091_sign_only.jpg,red
images/images/frame0092_sign_only.jpg,red
images/images/frame0093_sign_only.jpg,red
images/images/frame0094_sign_only.jpg,red
images/images/frame0095_sign_only.jpg,red
images/images/frame0096_sign_only.jpg,red
images/images/frame0097_sign_only.jpg,red
images/images/frame0098_sign_only.jpg,red
images/images/frame0099_sign_only.jpg,red
images/images/frame0100_sign_only.jpg,red
images/images/frame0101_sign_only.jpg,red
images/images/frame0102_sign_only.jpg,red
images/images/frame0103_sign_only.jpg,red
images/images/frame0104_sign_only.jpg,red
images/images/frame0105_sign_only.jpg,red
images/images/frame0106_sign_only.jpg,red
images/images/frame0107_sign_only.jpg,red
images/images/frame0108_sign_only.jpg,red
images/images/frame0109_sign_only.jpg,red
images/images/frame0110_sign_only.jpg,red
images/images/frame0111_sign_only.jpg,red
images/images/frame0112_sign_only.jpg,red
images/images/frame0113_sign_only.jpg,red
images/images/frame0114_sign_only.jpg,red
images/images/frame0115_sign_only.jpg,red
images/images/frame0116_sign_only.jpg,green
images/images/frame0117_sign_only.jpg,green
images/images/frame0118_sign_only.jpg,green
images/images/frame0119_sign_only.jpg,green
images/images/frame0120_sign_only.jpg,green
images/images/frame0121_sign_only.jpg,green
images/images/frame0122_sign_only.jpg,green
images/images/frame0123_sign_only.jpg,green
images/images/frame0124_sign_only.jpg,green
images/images/frame0125_sign_only.jpg,green
images/images/frame0126_sign_only.jpg,green
images/images/frame0127_sign_only.jpg,green
images/images/frame0128_sign_only.jpg,green
images/images/frame0129_sign_only.jpg,green
images/images/frame0130_sign_only.jpg,green
images/images/frame0131_sign_only.jpg,green
images/images/frame0132_sign_only.jpg,green
images/images/frame0133_sign_only.jpg,green
images/images/frame0134_sign_only.jpg,green
images/images/frame0135_sign_only.jpg,green
images/images/frame0136_sign_only.jpg,green
images/images/frame0137_sign_only.jpg,yellow
images/images/frame0138_sign_only.jpg,yellow
images/images/frame0139_sign_only.jpg,yellow
images/images/frame0140_sign_only.jpg,yellow
images/images2/frame0000_sign_only.jpg,yellow
images/images2/frame0001_sign_only.jpg,yellow
images/images2/frame0002_sign_only.jpg,yellow
images/images2/frame0003_sign_only.jpg,yellow
images/images2/frame0004_sign_only.jpg,yellow
images/images2/frame0005_sign_only.jpg,yellow
images/images2/frame0006_sign_only.jpg,yellow
images/images2/frame0007_sign_only.jpg,yellow
images/images2/frame0008_sign_only.jpg,yellow
images/images2/frame0009_sign_only.jpg,red
images/images2/frame0010_sign_only.jpg,red
images/images2/frame0011_sign_only.jpg,red
images/images2/frame0012_sign_only.jpg,red
images/images2/frame0013_sign_only.jpg,red
images/images2/frame0014_sign_only.jpg,red
images/images2/frame0015_sign_only.jpg,red
images/images2/frame0016_sign_only.jpg,red
images/images2/frame0017_sign_only.jpg,red
images/images2/frame0018_sign_only.jpg,red
images/images2/frame0019_sign_only.jpg,red
images/images2/frame0020_sign_only.jpg,red
images/images2/frame0021_sign_only.jpg,red
images/images2/frame0022_sign_only.jpg,red
images/images2/frame0023_sign_only.jpg,red
images/images2/frame0024_sign_only.jpg,red
images/images2/frame0025_sign_only.jpg,red
images/images2/frame0026_sign_only.jpg,red
images/images2/frame0027_sign_only.jpg,red
images/images2/frame0028_sign_only.jpg,red
images/images2/frame0029_sign_only.jpg,red
images/images2/frame0030_sign_only.jpg,red
images/images2/frame0031_sign_only.jpg,red
images/images2/frame0032_sign_only.jpg,red
images/images2/frame0033_sign_only.jpg,red
images/images2/frame0034_sign_only.jpg,red
images/images2/frame0035_sign_only.jpg,red
images/images2/frame0036_sign_only.jpg,red
images/images2/frame0037_sign_only.jpg,red
images/images2/frame0038_sign_only.jpg,red
images/images2/frame0039_sign_only.jpg,red
images/images2/frame0040_sign_only.jpg,red
images/images2/frame0041_sign_only.jpg,red
images/images2/frame0042_sign_only.jpg,red
images/images2/frame0043_sign_only.jpg,red
images/images2/frame0044_sign_only.jpg,red
images/images2/frame0045_sign_only.jpg,red
images/images2/frame0046_sign_only.jpg,red
images/images2/frame0047_sign_only.jpg,red
images/images2/frame0048_sign_only.jpg,red
images/images2/frame0049_sign_only.jpg,red
images/images2/frame0050_sign_only.jpg,red
images/images2/frame0051_sign_only.jpg,red
images/images2/frame0052_sign_only.jpg,red
images/images2/frame0053_sign_only.jpg,red
images/images2/frame0054_sign_only.jpg,red
images/images2/frame0055_sign_only.jpg,red
images/images2/frame0056_sign_only.jpg,red
images/images2/frame0057_sign_only.jpg,red
images/images2/frame0058_sign_only.jpg,red
images/images2/frame0059_sign_only.jpg,green
images/images2/frame0060_sign_only.jpg,green
images/images2/frame0061_sign_only.jpg,green
images/images2/frame0062_sign_only.jpg,green
images/images2/frame0063_sign_only.jpg,green
images/images2/frame0064_sign_only.jpg,green
images/images2/frame0065_sign_only.jpg,green
images/images2/frame0066_sign_only.jpg,green
images/images2/frame0067_sign_only.jpg,green
images/images2/frame0068_sign_only.jpg,green
images/images2/frame0069_sign_only.jpg,green
images/images2/frame0070_sign_only.jpg,green
images/images2/frame0071_sign_only.jpg,green
images/images2/frame0072_sign_only.jpg,green
images/images2/frame0073_sign_only.jpg,green
images/images2/frame0074_sign_only.jpg,green
images/images2/frame0075_sign_only.jpg,green
images/images2/frame0076_sign_only.jpg,green
images/images2/frame0077_sign_only.jpg,green
images/images2/frame0078_sign_only.jpg,green
images/images2/frame0079_sign_only.jpg,green
images/images2/frame0080_sign_only.jpg,green
images/images2/frame0081_sign_only.jpg,green
images/images2/frame0082_sign_only.jpg,green
images/images2/frame0083_sign_only.jpg,green
images/images2/frame0084_sign_only.jpg,green
images/images2/frame0085_sign_only.jpg,green
images/images2/frame0086_sign_only.jpg,green
images/images2/frame0087_sign_only.jpg,green
images/images2/frame0088_sign_only.jpg,green
images/images2/frame0089_sign_only.jpg,green
images/images2/frame0090_sign_only.jpg,green
images/images2/frame0091_sign_only.jpg,green
images/images2/frame0092_sign_only.jpg,green
images/images2/frame0093_sign_only.jpg,green
images/images2/frame0094_sign_only.jpg,green
images/images2/frame0095_sign_only.jpg,green
images/images2/frame0096_sign_only.jpg,green
images/images2/frame0097_sign_only.jpg,yellow
images/images2/frame0098_sign_only.jpg,yellow
images/images2/frame0099_sign_only.jpg,yellow
images/images2/frame0100_sign_only.jpg,yellow
images/images2/frame0101_sign_only.jpg,yellow
images/images2/frame0102_sign_only.jpg,yellow
images/images2/frame0103_sign_only.jpg,yellow
images/images2/frame0104_sign_only.jpg,yellow
images/images2/frame0105_sign_only.jpg,yellow
images/images2/frame0106_sign_only.jpg,yellow
images/images2/frame0107_sign_only.jpg,yellow
images/images2/frame0108_sign_only.jpg,red
images/images2/frame0109_sign_only.jpg,red
images/images2/frame0110_sign_only.jpg,red
images/images2/frame0111_sign_only.jpg,red
images/images2/frame0112_sign_only.jpg,red
images/images2/frame0113_sign_only.jpg,red
images/images2/frame0114_sign_only.jpg,red
images/images2/frame0115_sign_only.jpg,red
images/images2/frame0116_sign_only.jpg,red
images/images2/frame0117_sign_only.jpg,red
images/images2/frame0118_sign_only.jpg,red
images/images2/frame0119_sign_only.jpg,red
images/images2/frame0120_sign_only.jpg,red
images/images2/frame0121_sign_only.jpg,red
images/images2/frame0122_sign_only.jpg,red
images/images2/frame0123_sign_only.jpg,red
images/images2/frame0124_sign_only.jpg,red
images/images2/frame0125_sign_only.jpg,red
images/images2/frame0126_sign_only.jpg,red
images/images2/frame0127_sign_only.jpg,red
images/images2/frame0128_sign_only.jpg,red
images/images2/frame0129_sign_only.jpg,red
images/images2/frame0130_sign_only.jpg,red
images/images2/frame0131_sign_only.jpg,red
images/images2/frame0132_sign_only.jpg,red
images/images2/frame0134_sign_only.jpg,red
images/images2/frame0136_sign_only.jpg,red
images/images2/frame0137_sign_only.jpg,red
images/images2/frame0138_sign_only.jpg,red
images/images2/frame0140_sign_only.jpg,red
images/images2/frame0141_sign_only.jpg,red
images/images2/frame0142_sign_only.jpg,red
images/images2/frame0143_sign_only.jpg,red
images/images2/frame0144_sign_only.jpg,red
images/images2/frame0145_sign_only.jpg,red
images/images2/frame0146_sign_only.jpg,red
images/images2/frame0147_sign_only.jpg,red
images/images2/frame0148_sign_only.jpg,red
images/images2/frame0159_sign_only.jpg,green
images/images2/frame0160_sign_only.jpg,green
images/images2/frame0161_sign_only.jpg,green
images/images2/frame0162_sign_only.jpg,green
images/images2/frame0163_sign_only.jpg,green
images/images2/frame0164_sign_only.jpg,green
images/images2/frame0165_sign_only.jpg,green
images/images2/frame0166_sign_only.jpg,green
images/images2/frame0167_sign_only.jpg,green
images/images2/frame0168_sign_only.jpg,green
images/images2/frame0169_sign_only.jpg,green
images/images2/frame0170_sign_only.jpg,green
images/images2/frame0171_sign_only.jpg,green
images/images2/frame0173_sign_only.jpg,green
