images/images/frame0000.jpg,red
images/images/frame0001.jpg,red
images/images/frame0002.jpg,red
images/images/frame0003.jpg,red
images/images/frame0004.jpg,red
images/images/frame0005.jpg,red
images/images/frame0006.jpg,red
images/images/frame0007.jpg,green
images/images/frame0008.jpg,green
images/images/frame0009.jpg,green
images/images/frame0010.jpg,green
images/images/frame0011.jpg,green
images/images/frame0012.jpg,green
images/images/frame0013.jpg,green
images/images/frame0014.jpg,green
images/images/frame0015.jpg,green
images/images/frame0016.jpg,green
images/images/frame0017.jpg,green
images/images/frame0018.jpg,green
images/images/frame0019.jpg,green
images/images/frame0020.jpg,green
images/images/frame0021.jpg,green
images/images/frame0022.jpg,green
images/images/frame0023.jpg,red
images/images/frame0024.jpg,red
images/images/frame0025.jpg,red
images/images/frame0026.jpg,red
images/images/frame0027.jpg,red
images/images/frame0028.jpg,red
images/images/frame0029.jpg,red
images/images/frame0046.jpg,red
images/images/frame0047.jpg,red
images/images/frame0048.jpg,red
images/images/frame0049.jpg,red
images/images/frame0050.jpg,red
images/images/frame0051.jpg,red
images/images/frame0089.jpg,red
images/images/frame0090.jpg,red
images/images/frame0091.jpg,red
images/images/frame0092.jpg,red
images/images/frame0093.jpg,red
images/images/frame0094.jpg,red
images/images/frame0095.jpg,red
images/images/frame0096.jpg,red
images/images/frame0097.jpg,red
images/images/frame0098.jpg,red
images/images/frame0099.jpg,red
images/images/frame0100.jpg,red
images/images/frame0101.jpg,red
images/images/frame0102.jpg,red
images/images/frame0103.jpg,red
images/images/frame0104.jpg,red
images/images/frame0105.jpg,red
images/images/frame0106.jpg,red
images/images/frame0107.jpg,red
images/images/frame0108.jpg,red
images/images/frame0109.jpg,red
images/images/frame0110.jpg,red
images/images/frame0111.jpg,red
images/images/frame0112.jpg,red
images/images/frame0113.jpg,red
images/images/frame0114.jpg,red
images/images/frame0115.jpg,red
images/images/frame0116.jpg,green
images/images/frame0117.jpg,green
images/images/frame0118.jpg,green
images/images/frame0119.jpg,green
images/images/frame0120.jpg,green
images/images/frame0121.jpg,green
images/images/frame0122.jpg,green
images/images/frame0123.jpg,green
images/images/frame0124.jpg,green
images/images/frame0125.jpg,green
images/images/frame0126.jpg,green
images/images/frame0127.jpg,green
images/images/frame0128.jpg,green
images/images/frame0129.jpg,green
images/images/frame0130.jpg,green
images/images/frame0131.jpg,green
images/images/frame0132.jpg,green
images/images/frame0133.jpg,green
images/images/frame0134.jpg,green
images/images/frame0135.jpg,green
images/images/frame0136.jpg,green
images/images/frame0137.jpg,yellow
images/images/frame0138.jpg,yellow
images/images/frame0139.jpg,yellow
images/images/frame0140.jpg,yellow
images/images2/frame0000.jpg,yellow
images/images2/frame0001.jpg,yellow
images/images2/frame0002.jpg,yellow
images/images2/frame0003.jpg,yellow
images/images2/frame0004.jpg,yellow
images/images2/frame0005.jpg,yellow
images/images2/frame0006.jpg,yellow
images/images2/frame0007.jpg,yellow
images/images2/frame0008.jpg,yellow
images/images2/frame0009.jpg,red
images/images2/frame0010.jpg,red
images/images2/frame0011.jpg,red
images/images2/frame0012.jpg,red
images/images2/frame0013.jpg,red
images/images2/frame0014.jpg,red
images/images2/frame0015.jpg,red
images/images2/frame0016.jpg,red
images/images2/frame0017.jpg,red
images/images2/frame0018.jpg,red
images/images2/frame0019.jpg,red
images/images2/frame0020.jpg,red
images/images2/frame0021.jpg,red
images/images2/frame0022.jpg,red
images/images2/frame0023.jpg,red
images/images2/frame0024.jpg,red
images/images2/frame0025.jpg,red
images/images2/frame0026.jpg,red
images/images2/frame0027.jpg,red
images/images2/frame0028.jpg,red
images/images2/frame0029.jpg,red
images/images2/frame0030.jpg,red
images/images2/frame0031.jpg,red
images/images2/frame0032.jpg,red
images/images2/frame0033.jpg,red
images/images2/frame0034.jpg,red
images/images2/frame0035.jpg,red
images/images2/frame0036.jpg,red
images/images2/frame0037.jpg,red
images/images2/frame0038.jpg,red
images/images2/frame0039.jpg,red
images/images2/frame0040.jpg,red
images/images2/frame0041.jpg,red
images/images2/frame0042.jpg,red
images/images2/frame0043.jpg,red
images/images2/frame0044.jpg,red
images/images2/frame0045.jpg,red
images/images2/frame0046.jpg,red
images/images2/frame0047.jpg,red
images/images2/frame0048.jpg,red
images/images2/frame0049.jpg,red
images/images2/frame0050.jpg,red
images/images2/frame0051.jpg,red
images/images2/frame0052.jpg,red
images/images2/frame0053.jpg,red
images/images2/frame0054.jpg,red
images/images2/frame0055.jpg,red
images/images2/frame0056.jpg,red
images/images2/frame0057.jpg,red
images/images2/frame0058.jpg,red
images/images2/frame0059.jpg,green
images/images2/frame0060.jpg,green
images/images2/frame0061.jpg,green
images/images2/frame0062.jpg,green
images/images2/frame0063.jpg,green
images/images2/frame0064.jpg,green
images/images2/frame0065.jpg,green
images/images2/frame0066.jpg,green
images/images2/frame0067.jpg,green
images/images2/frame0068.jpg,green
images/images2/frame0069.jpg,green
images/images2/frame0070.jpg,green
images/images2/frame0071.jpg,green
images/images2/frame0072.jpg,green
images/images2/frame0073.jpg,green
images/images2/frame0074.jpg,green
images/images2/frame0075.jpg,green
images/images2/frame0076.jpg,green
images/images2/frame0077.jpg,green
images/images2/frame0078.jpg,green
images/images2/frame0079.jpg,green
images/images2/frame0080.jpg,green
images/images2/frame0081.jpg,green
images/images2/frame0082.jpg,green
images/images2/frame0083.jpg,green
images/images2/frame0084.jpg,green
images/images2/frame0085.jpg,green
images/images2/frame0086.jpg,green
images/images2/frame0087.jpg,green
images/images2/frame0088.jpg,green
images/images2/frame0089.jpg,green
images/images2/frame0090.jpg,green
images/images2/frame0091.jpg,green
images/images2/frame0092.jpg,green
images/images2/frame0093.jpg,green
images/images2/frame0094.jpg,green
images/images2/frame0095.jpg,green
images/images2/frame0096.jpg,green
images/images2/frame0097.jpg,yellow
images/images2/frame0098.jpg,yellow
images/images2/frame0099.jpg,yellow
images/images2/frame0100.jpg,yellow
images/images2/frame0101.jpg,yellow
images/images2/frame0102.jpg,yellow
images/images2/frame0103.jpg,yellow
images/images2/frame0104.jpg,yellow
images/images2/frame0105.jpg,yellow
images/images2/frame0106.jpg,yellow
images/images2/frame0107.jpg,yellow
images/images2/frame0108.jpg,red
images/images2/frame0109.jpg,red
images/images2/frame0110.jpg,red
images/images2/frame0111.jpg,red
images/images2/frame0112.jpg,red
images/images2/frame0113.jpg,red
images/images2/frame0114.jpg,red
images/images2/frame0115.jpg,red
images/images2/frame0116.jpg,red
images/images2/frame0117.jpg,red
images/images2/frame0118.jpg,red
images/images2/frame0119.jpg,red
images/images2/frame0120.jpg,red
images/images2/frame0121.jpg,red
images/images2/frame0122.jpg,red
images/images2/frame0123.jpg,red
images/images2/frame0124.jpg,red
images/images2/frame0125.jpg,red
images/images2/frame0126.jpg,red
images/images2/frame0127.jpg,red
images/images2/frame0128.jpg,red
images/images2/frame0129.jpg,red
images/images2/frame0130.jpg,red
images/images2/frame0131.jpg,red
images/images2/frame0132.jpg,red
images/images2/frame0133.jpg,red
images/images2/frame0134.jpg,red
images/images2/frame0135.jpg,red
images/images2/frame0136.jpg,red
images/images2/frame0137.jpg,red
images/images2/frame0138.jpg,red
images/images2/frame0139.jpg,red
images/images2/frame0140.jpg,red
images/images2/frame0141.jpg,red
images/images2/frame0142.jpg,red
images/images2/frame0143.jpg,red
images/images2/frame0144.jpg,red
images/images2/frame0145.jpg,red
images/images2/frame0146.jpg,red
images/images2/frame0147.jpg,red
images/images2/frame0148.jpg,red
images/images2/frame0149.jpg,red
images/images2/frame0150.jpg,red
images/images2/frame0151.jpg,red
images/images2/frame0152.jpg,red
images/images2/frame0153.jpg,red
images/images2/frame0154.jpg,red
images/images2/frame0155.jpg,red
images/images2/frame0156.jpg,red
images/images2/frame0157.jpg,red
images/images2/frame0158.jpg,red
images/images2/frame0159.jpg,green
images/images2/frame0160.jpg,green
images/images2/frame0161.jpg,green
images/images2/frame0162.jpg,green
images/images2/frame0163.jpg,green
images/images2/frame0164.jpg,green
images/images2/frame0165.jpg,green
images/images2/frame0166.jpg,green
images/images2/frame0167.jpg,green
images/images2/frame0168.jpg,green
images/images2/frame0169.jpg,green
images/images2/frame0170.jpg,green
images/images2/frame0171.jpg,green
images/images2/frame0172.jpg,green
images/images2/frame0173.jpg,green
images/images2/frame0174.jpg,green
images/images2/frame0175.jpg,green
images/images2/frame0176.jpg,green
images/images2/frame0177.jpg,green
images/images2/frame0178.jpg,green
images/images2/frame0179.jpg,green
images/images2/frame0180.jpg,green
images/images2/frame0181.jpg,green
images/images2/frame0182.jpg,green
images/images2/frame0183.jpg,green
images/images2/frame0184.jpg,green
images/images2/frame0185.jpg,green
images/images2/frame0186.jpg,green
images/images2/frame0187.jpg,green
images/images2/frame0188.jpg,green
images/images2/frame0189.jpg,green
images/images2/frame0190.jpg,green
images/images2/frame0191.jpg,green
images/images2/frame0192.jpg,green
images/images2/frame0193.jpg,green
images/images2/frame0194.jpg,green
images/images2/frame0195.jpg,green
images/images2/frame0196.jpg,green
images/images2/frame0197.jpg,yellow
images/images2/frame0198.jpg,yellow
images/images2/frame0199.jpg,yellow
images/images2/frame0200.jpg,yellow
images/images2/frame0201.jpg,yellow
images/images2/frame0202.jpg,yellow
images/images2/frame0203.jpg,yellow
images/images2/frame0204.jpg,yellow
